SamAccountName,Password,Path,GivenName,Name,DisplayName,UserPrincipalName,Office,EmailAddress,Title,Company,Manager
robert.silva,"abc,123","OU=Usu치rios,OU=Matriz,OU=Corp,DC=lab,DC=local",Robert Silva,Robert Silva,Robert S,robert.silva@lab.local,RJ,robert.silva@lab.local,Analista TI JR,Lab,pedro.silva
jose.oliveira,"abc,123","OU=Usu치rios,OU=Matriz,OU=Corp,DC=lab,DC=local",Jose Oliveira,Jose Oliveira,Jose O,jose.oliveira@lab.local,SP,jose.oliveira@lab.local,Gerente TI,Lab,pedro.silva
marta.pires,"abc,123","OU=Usu치rios,OU=Matriz,OU=Corp,DC=lab,DC=local",Marta Pires,Marta Pires,Marta P,marta.pires@lab.local,SP,marta.pires@lab.local,Gerente TH,Lab,pedro.silva
anderson.soares,"abc,123","OU=Usu치rios,OU=Matriz,OU=Corp,DC=lab,DC=local",Anderson Soares,Anderson Soares,Anderson S,anderson.soares@lab.local,PE,anderson.soares@lab.local,Analista RH JR,Lab,pedro.silva
